[{"id":"1","created_by_id":"144197","created_by":"Ashutosh Vyas","name":"gallery1","status":"Active","created_at":"2017-08-26 12:57:23","layout":null,"width":null,"height":null,"show_arrows":null,"autoplay":null,"show_buttons":null,"auto_slide_size":null,"auto_height":null,"full_screen":null,"visible_size":null,"force_size":null,"shuffle":null,"orientation":null,"thumbnails_position":null,"thumbnail_pointer":null,"thumbnail_width":null,"thumbnail_height":null,"thumbnail_arrows":null,"type":"CarouselCategory","images":[{"id":"1","carousel_category_id":"1","carousel_category":"gallery1","created_by_id":"144197","created_by":"Ashutosh Vyas","file_id":"7822","title":"","text_to_display":"","alt_text":"","order":"0","link":"","slide_type":null,"created_at":"2017-08-26 12:57:37","status":"Visible","type":"CarouselImage","layers":[]},{"id":"6","carousel_category_id":"1","carousel_category":"gallery1","created_by_id":"56","created_by":"Rakesh Sinha","file_id":"assets\/7be6615d84ce033b62b3b07078af3bf4.jpg","title":"","text_to_display":"","alt_text":"","order":"","link":"","slide_type":null,"created_at":"2017-12-22 00:00:00","status":"Visible","type":"CarouselImage","layers":[]}]},{"id":"3","created_by_id":"144973","created_by":"Harshita Jain","name":"printing-slider","status":"Active","created_at":"2017-12-28 00:00:00","layout":"highlighted-horizontal-text","width":"1349","height":"500","show_arrows":"1","autoplay":"1","show_buttons":"1","auto_slide_size":"1","auto_height":"1","full_screen":"1","visible_size":"100","force_size":"fullWidth","shuffle":"1","orientation":null,"thumbnails_position":"right","thumbnail_pointer":"1","thumbnail_width":"200","thumbnail_height":"100","thumbnail_arrows":"100","type":"CarouselCategory","images":[{"id":"9","carousel_category_id":"3","carousel_category":"printing-slider","created_by_id":"144973","created_by":"Harshita Jain","file_id":"www\/images\/printing-images\/img5.jpg","title":"","text_to_display":"","alt_text":"","order":"","link":"","slide_type":null,"created_at":"2017-12-28 00:00:00","status":"Visible","type":"CarouselImage","layers":[{"id":"5","carousel_image_id":"9","carousel_image":"Record #9","layer_type":"Text","image_id":"assets\/1.png","video_url":"","text":"","horizontal_position":"100","vertical_position":"50","show_transition":"left","hide_transition":"right","show_delay":"100","show_offset":"300","hide_offset":"100","hide_delay":"","show_duration":"300","hide_duration":"100","is_static":"0","layer_class":"sp-black","position":"topCenter","width":"200","height":"100","depth":"1","type":"CarouselLayer","status":"Active","category_id":"3"}]},{"id":"10","carousel_category_id":"3","carousel_category":"printing-slider","created_by_id":"144973","created_by":"Harshita Jain","file_id":"www\/images\/printing-images\/img4.jpg","title":"Xprint","text_to_display":"<h1 class=\"video-title\" style=\"text-align: center;\"><span style=\"color: #000000; font-size: 18px;\">Same Machines, Same business just add more customers now. <\/span><\/h1>\r\n<h1 class=\"video-title\" style=\"text-align: center;\"><span style=\"color: #000000; fon","alt_text":"","order":"","link":"","slide_type":null,"created_at":"2017-12-28 00:00:00","status":"Visible","type":"CarouselImage","layers":[]},{"id":"11","carousel_category_id":"3","carousel_category":"printing-slider","created_by_id":"144973","created_by":"Harshita Jain","file_id":"www\/images\/printing-images\/blue bg.jpeg","title":"Web to print online solution","text_to_display":"<p>Automate online orders, increase productivity, grow your print business with our all-in-one Online product design tool..!!<\/p>","alt_text":"","order":"","link":"","slide_type":"Image","created_at":"2017-12-30 00:00:00","status":"Visible","type":"CarouselImage","layers":[{"id":"4","carousel_image_id":"11","carousel_image":"Record #11","layer_type":"Text","image_id":"","video_url":"","text":"<table class=\"table user-list table-hover footable-loaded footable\">\r\n<tbody>\r\n<tr class=\"odd\" data-id=\"11\">\r\n<td>\r\n<p><span style=\"color: #ffffff; font-size: 18px;\"><em>Automate online orders, increase productivity, grow your print business with our all-","horizontal_position":"100","vertical_position":"200","show_transition":"left","hide_transition":"up","show_delay":"10","show_offset":"10","hide_offset":"10","hide_delay":"","show_duration":"10","hide_duration":"5","is_static":"1","layer_class":"","position":"centerLeft","width":"600","height":"100","depth":"1","type":"CarouselLayer","status":"Active","category_id":"3"},{"id":"3","carousel_image_id":"11","carousel_image":"Record #11","layer_type":"Text","image_id":"","video_url":"","text":"<p><span style=\"color: #ffffff; font-size: 36px;\"><em><strong>Web to print online solution<\/strong><\/em><\/span><\/p>","horizontal_position":"100","vertical_position":"100","show_transition":"left","hide_transition":"up","show_delay":"5","show_offset":"5","hide_offset":"5","hide_delay":"5","show_duration":"10","hide_duration":"5","is_static":"1","layer_class":"","position":"topLeft","width":"400","height":"50","depth":"1","type":"CarouselLayer","status":"Active","category_id":"3"}]}]},{"id":"4","created_by_id":"56","created_by":"Rakesh Sinha","name":"Printing Slider","status":"Active","created_at":"2018-01-02 00:00:00","layout":"highlighted-horizontal-text","width":"1349","height":"500","show_arrows":"1","autoplay":"1","show_buttons":"1","auto_slide_size":"1","auto_height":"1","full_screen":"1","visible_size":"100","force_size":"fullWidth","shuffle":"1","orientation":"horizontal","thumbnails_position":null,"thumbnail_pointer":"1","thumbnail_width":"200","thumbnail_height":"100","thumbnail_arrows":"100","type":"CarouselCategory","images":[{"id":"14","carousel_category_id":"4","carousel_category":"Printing Slider","created_by_id":"144973","created_by":"Harshita Jain","file_id":"www\/images\/printing-images\/blue-bg-3.jpg","title":"","text_to_display":"","alt_text":"","order":"","link":"","slide_type":null,"created_at":"2018-01-02 00:00:00","status":"Visible","type":"CarouselImage","layers":[{"id":"9","carousel_image_id":"14","carousel_image":"Record #14","layer_type":"Text","image_id":"","video_url":"","text":"<p><span style=\"font-size: 36px; color: #ffffff;\"><em>XPRINT - WEB TO PRINT<br \/>ONLINE DESIGNER TOOL<\/em><\/span><\/p>","horizontal_position":"100","vertical_position":"60","show_transition":"left","hide_transition":"down","show_delay":"600","show_offset":"","hide_offset":"","hide_delay":"200","show_duration":"10","hide_duration":"10","is_static":"0","layer_class":" sp-padding","position":null,"width":"0","height":"0","depth":"0","type":"CarouselLayer","status":"Active","category_id":"4"},{"id":"10","carousel_image_id":"14","carousel_image":"Record #14","layer_type":"Image","image_id":"www\/images\/printing-images\/NewFolder\/calendar.jpg","video_url":"","text":"","horizontal_position":"994","vertical_position":"235","show_transition":"right","hide_transition":"up","show_delay":"800","show_offset":"","hide_offset":"","hide_delay":"","show_duration":"600","hide_duration":"200","is_static":"0","layer_class":"","position":"topLeft","width":"300","height":"200","depth":"1","type":"CarouselLayer","status":"Active","category_id":"4"},{"id":"11","carousel_image_id":"14","carousel_image":"Record #14","layer_type":"Image","image_id":"www\/images\/printing-images\/NewFolder\/laminated-business-card.png","video_url":"","text":"","horizontal_position":"464","vertical_position":"275","show_transition":"right","hide_transition":"down","show_delay":"700","show_offset":"","hide_offset":"","hide_delay":"","show_duration":"500","hide_duration":"200","is_static":"0","layer_class":"","position":"topLeft","width":"400","height":"200","depth":"1","type":"CarouselLayer","status":"Active","category_id":"4"},{"id":"13","carousel_image_id":"14","carousel_image":"Record #14","layer_type":"Image","image_id":"www\/images\/printing-images\/NewFolder\/imageedit_1_5444151613.png","video_url":"","text":"","horizontal_position":"600","vertical_position":"-18","show_transition":"right","hide_transition":"left","show_delay":"500","show_offset":"","hide_offset":"","hide_delay":"","show_duration":"300","hide_duration":"200","is_static":"0","layer_class":"","position":"topRight","width":"500","height":"200","depth":"4","type":"CarouselLayer","status":"Active","category_id":"4"},{"id":"21","carousel_image_id":"14","carousel_image":"Record #14","layer_type":"Image","image_id":"www\/images\/printing-images\/NewFolder\/brochure1.png","video_url":"","text":"","horizontal_position":"992","vertical_position":"40","show_transition":"up","hide_transition":"down","show_delay":"500","show_offset":"","hide_offset":"","hide_delay":"","show_duration":"400","hide_duration":"200","is_static":"0","layer_class":"","position":"topLeft","width":"300","height":"200","depth":"1","type":"CarouselLayer","status":"Active","category_id":"4"},{"id":"32","carousel_image_id":"14","carousel_image":"Record #14","layer_type":"Text","image_id":"","video_url":"","text":"<p><span style=\"font-size: 24px; color: #ffffff;\"><em>creating different products such<\/em><\/span><\/p>","horizontal_position":"100","vertical_position":"250","show_transition":"right","hide_transition":"down","show_delay":"800","show_offset":"","hide_offset":"","hide_delay":"","show_duration":"600","hide_duration":"200","is_static":"0","layer_class":"sp-padding","position":null,"width":"0","height":"0","depth":"0","type":"CarouselLayer","status":"Active","category_id":"4"},{"id":"20","carousel_image_id":"14","carousel_image":"Record #14","layer_type":"Image","image_id":"www\/images\/printing-images\/NewFolder\/notebook.jpg","video_url":"","text":"","horizontal_position":"809","vertical_position":"344","show_transition":"down","hide_transition":"up","show_delay":"400","show_offset":"","hide_offset":"","hide_delay":"","show_duration":"200","hide_duration":"200","is_static":"0","layer_class":"","position":"bottomRight","width":"200","height":"150","depth":"0","type":"CarouselLayer","status":"Active","category_id":"4"},{"id":"31","carousel_image_id":"14","carousel_image":"Record #14","layer_type":"Text","image_id":"","video_url":"","text":"<p><span style=\"font-size: 24px; color: #ffffff;\"><em>XPrint offers simplified process for&nbsp;&nbsp;<\/em><\/span><\/p>","horizontal_position":"100","vertical_position":"200","show_transition":"right","hide_transition":"down","show_delay":"800","show_offset":"","hide_offset":"","hide_delay":"","show_duration":"600","hide_duration":"200","is_static":"0","layer_class":"sp-padding","position":null,"width":"0","height":"0","depth":"0","type":"CarouselLayer","status":"Active","category_id":"4"},{"id":"33","carousel_image_id":"14","carousel_image":"Record #14","layer_type":"Text","image_id":"","video_url":"","text":"<p><span style=\"font-size: 24px; color: #ffffff;\"><em>as business cards, banners, brochures,<\/em><\/span><\/p>","horizontal_position":"100","vertical_position":"300","show_transition":"right","hide_transition":"down","show_delay":"800","show_offset":"","hide_offset":"","hide_delay":"","show_duration":"600","hide_duration":"200","is_static":"0","layer_class":"sp-padding","position":null,"width":"0","height":"0","depth":"0","type":"CarouselLayer","status":"Active","category_id":"4"},{"id":"34","carousel_image_id":"14","carousel_image":"Record #14","layer_type":"Text","image_id":"","video_url":"","text":"<p><span style=\"font-size: 24px; color: #ffffff;\"><em>personalized calendar, letterhead&nbsp;<\/em><\/span><\/p>","horizontal_position":"100","vertical_position":"350","show_transition":"right","hide_transition":"down","show_delay":"800","show_offset":"","hide_offset":"","hide_delay":"","show_duration":"600","hide_duration":"200","is_static":"0","layer_class":"sp-padding","position":null,"width":"0","height":"0","depth":"0","type":"CarouselLayer","status":"Active","category_id":"4"},{"id":"35","carousel_image_id":"14","carousel_image":"Record #14","layer_type":"Text","image_id":"","video_url":"","text":"<p><span style=\"font-size: 24px; color: #ffffff;\"><em>or whatever you want to..<\/em><\/span><\/p>","horizontal_position":"100","vertical_position":"400","show_transition":"right","hide_transition":"down","show_delay":"800","show_offset":"","hide_offset":"","hide_delay":"","show_duration":"600","hide_duration":"200","is_static":"0","layer_class":"sp-padding","position":null,"width":"0","height":"0","depth":"0","type":"CarouselLayer","status":"Active","category_id":"4"}]},{"id":"17","carousel_category_id":"4","carousel_category":"Printing Slider","created_by_id":"144973","created_by":"Harshita Jain","file_id":"www\/images\/printing-images\/blue-bg-3.jpg","title":"","text_to_display":"","alt_text":"","order":"","link":"","slide_type":null,"created_at":"2018-01-03 00:00:00","status":"Visible","type":"CarouselImage","layers":[{"id":"23","carousel_image_id":"17","carousel_image":"Record #17","layer_type":"Text","image_id":"","video_url":"","text":"<p><em><span style=\"font-size: 36px;\">XPrint - Web to print <\/span><\/em><em><span style=\"font-size: 36px;\">online designer&nbsp;<\/span><\/em><\/p>","horizontal_position":"100","vertical_position":"80","show_transition":"left","hide_transition":"down","show_delay":"800","show_offset":"","hide_offset":"","hide_delay":"","show_duration":"600","hide_duration":"200","is_static":"0","layer_class":"sp-black, sp-padding","position":"topLeft","width":"0","height":"0","depth":"0","type":"CarouselLayer","status":"Active","category_id":"4"},{"id":"25","carousel_image_id":"17","carousel_image":"Record #17","layer_type":"Text","image_id":"","video_url":"","text":"<div><span style=\"font-size: 24px; color: #ffffff;\"><em>Xprint offers print shops a flexible and<\/em><\/span><\/div>","horizontal_position":"100","vertical_position":"170","show_transition":"down","hide_transition":"left","show_delay":"800","show_offset":"","hide_offset":"","hide_delay":"","show_duration":"500","hide_duration":"200","is_static":"0","layer_class":"sp-padding","position":"centerLeft","width":"300","height":"200","depth":"0","type":"CarouselLayer","status":"Active","category_id":"4"},{"id":"24","carousel_image_id":"17","carousel_image":"Record #17","layer_type":"Image","image_id":"www\/images\/printing-images\/whithoud_stand.png","video_url":"","text":"","horizontal_position":"720","vertical_position":"55","show_transition":"right","hide_transition":"down","show_delay":"800","show_offset":"","hide_offset":"","hide_delay":"","show_duration":"600","hide_duration":"200","is_static":"0","layer_class":"","position":"centerRight","width":"500","height":"200","depth":"0","type":"CarouselLayer","status":"Active","category_id":"4"},{"id":"26","carousel_image_id":"17","carousel_image":"Record #17","layer_type":"Text","image_id":"","video_url":"","text":"<p><span style=\"color: #ffffff; font-size: 24px;\"><em>advanced web-to-print solution to<\/em><\/span><\/p>\r\n<p><span style=\"color: #000000;\">&nbsp;<\/span><\/p>","horizontal_position":"100","vertical_position":"200","show_transition":"right","hide_transition":"down","show_delay":"800","show_offset":"","hide_offset":"","hide_delay":"","show_duration":"600","hide_duration":"200","is_static":"0","layer_class":"sp-padding","position":"centerLeft","width":"0","height":"0","depth":"0","type":"CarouselLayer","status":"Active","category_id":"4"},{"id":"27","carousel_image_id":"17","carousel_image":"Record #17","layer_type":"Text","image_id":"","video_url":"","text":"<p><em><span style=\"color: #ffffff; font-size: 24px;\">start or expand their online business.<\/span><\/em><\/p>","horizontal_position":"100","vertical_position":"231","show_transition":"right","hide_transition":"down","show_delay":"800","show_offset":"","hide_offset":"","hide_delay":"","show_duration":"600","hide_duration":"200","is_static":"0","layer_class":"sp-padding","position":"centerLeft","width":"0","height":"0","depth":"0","type":"CarouselLayer","status":"Active","category_id":"4"},{"id":"28","carousel_image_id":"17","carousel_image":"Record #17","layer_type":"Text","image_id":"","video_url":"","text":"<p><span style=\"font-size: 24px; color: #ffffff;\"><em>You can easily scale and customize your&nbsp;<\/em><\/span><\/p>","horizontal_position":"100","vertical_position":"260","show_transition":"right","hide_transition":"down","show_delay":"800","show_offset":"","hide_offset":"","hide_delay":"","show_duration":"600","hide_duration":"200","is_static":"0","layer_class":"sp-padding","position":"centerLeft","width":"0","height":"0","depth":"0","type":"CarouselLayer","status":"Active","category_id":"4"},{"id":"30","carousel_image_id":"17","carousel_image":"Record #17","layer_type":"Text","image_id":"","video_url":"","text":"<p><span style=\"font-size: 24px;\"><em><span style=\"color: #ffffff;\">your business requirements and budget.<\/span><\/em><\/span><\/p>","horizontal_position":"100","vertical_position":"325","show_transition":"right","hide_transition":"down","show_delay":"800","show_offset":"","hide_offset":"","hide_delay":"","show_duration":"600","hide_duration":"200","is_static":"0","layer_class":" sp-padding","position":"bottomLeft","width":"0","height":"0","depth":"0","type":"CarouselLayer","status":"Active","category_id":"4"},{"id":"29","carousel_image_id":"17","carousel_image":"Record #17","layer_type":"Text","image_id":"","video_url":"","text":"<p><span style=\"color: #ffffff;\"><em><span style=\"font-size: 24px;\">business products according to&nbsp;<\/span><\/em><\/span><\/p>","horizontal_position":"100","vertical_position":"290","show_transition":"right","hide_transition":"down","show_delay":"800","show_offset":"","hide_offset":"","hide_delay":"","show_duration":"600","hide_duration":"200","is_static":"0","layer_class":"sp-padding","position":"centerLeft","width":"0","height":"0","depth":"0","type":"CarouselLayer","status":"Active","category_id":"4"}]}]},{"id":"5","created_by_id":"145262","created_by":"Mamta Dangi","name":"index-slider","status":"Active","created_at":"2018-05-14 00:00:00","layout":"highlighted-horizontal-text","width":"100%","height":"500","show_arrows":"0","autoplay":"1","show_buttons":"0","auto_slide_size":"1","auto_height":"1","full_screen":"1","visible_size":"100","force_size":"fullWidth","shuffle":"1","orientation":null,"thumbnails_position":null,"thumbnail_pointer":"1","thumbnail_width":"200","thumbnail_height":"100","thumbnail_arrows":"100","type":"CarouselCategory","images":[{"id":"18","carousel_category_id":"5","carousel_category":"index-slider","created_by_id":"145262","created_by":"Mamta Dangi","file_id":"www\/images\/slider\/erp_development.jpg","title":"","text_to_display":"","alt_text":"","order":"1","link":"","slide_type":"Image","created_at":"2018-05-14 00:00:00","status":"Visible","type":"CarouselImage","layers":[]},{"id":"19","carousel_category_id":"5","carousel_category":"index-slider","created_by_id":"145262","created_by":"Mamta Dangi","file_id":"www\/images\/slider\/07.jpg","title":"","text_to_display":"","alt_text":"","order":"2","link":"","slide_type":"Image","created_at":"2018-05-14 00:00:00","status":"Visible","type":"CarouselImage","layers":[]},{"id":"20","carousel_category_id":"5","carousel_category":"index-slider","created_by_id":"145262","created_by":"Mamta Dangi","file_id":"www\/images\/slider\/ecommerce.jpg","title":"","text_to_display":"","alt_text":"","order":"3","link":"","slide_type":"Image","created_at":"2018-05-14 00:00:00","status":"Visible","type":"CarouselImage","layers":[]},{"id":"21","carousel_category_id":"5","carousel_category":"index-slider","created_by_id":"145262","created_by":"Mamta Dangi","file_id":"www\/images\/slider\/mark2.jpg","title":"","text_to_display":"","alt_text":"","order":"4","link":"","slide_type":"Image","created_at":"2018-05-14 00:00:00","status":"Visible","type":"CarouselImage","layers":[]}]}]