[{"id":"3","emailsetting_id":"2","emailsetting":"Info@xavoc.com","name":"Contact -us page Enquiry Form","submit_button_name":"Submit","form_layout":"stacked","custom_form_layout_path":"enquiry-form-template","recieve_email":"1","recipient_email":"info@epan.in","auto_reply":"1","email_subject":"Thank you for contacting us","message_body":"<style type=\"text\/css\"><!--\r\n\/* CLIENT-SPECIFIC STYLES *\/\r\n  body, table, td, a{-webkit-text-size-adjust: 100%; -ms-text-size-adjust: 100%;} \/* Prevent WebKit and Windows mobile changing default text sizes *\/\r\n  table, td{mso-table-lspace: 0pt; mso-table-rspace: 0pt;} \/* Remove spacing between tables in Outlook 2007 and up *\/\r\n  img{-ms-interpolation-mode: bicubic;} \/* Allow smoother rendering of resized image in Internet Explorer *\/\r\n  \/* RESET STYLES *\/\r\n  img{border: 0; height: auto; line-height: 100%; outline: none; text-decoration: none;}\r\n  table{border-collapse: collapse !important;}\r\n  body{height: 100% !important; margin: 0 !important; padding: 0 !important; width: 100% !important;}\r\n  \/* iOS BLUE LINKS *\/\r\n  a[x-apple-data-detectors] {\r\n  color: inherit !important;\r\n  text-decoration: none !important;\r\n  font-size: inherit !important;\r\n  font-family: inherit !important;\r\n  font-weight: inherit !important;\r\n  line-height: inherit !important;\r\n  }\r\n  \/* MOBILE STYLES *\/\r\n  @media screen and (max-width: 525px) {\r\n  \/* ALLOWS FOR FLUID TABLES *\/\r\n  .wrapper {\r\n  width: 100% !important;\r\n  max-width: 100% !important;\r\n  }\r\n  \/* ADJUSTS LAYOUT OF LOGO IMAGE *\/\r\n  .logo img {\r\n  margin: 0 auto !important;\r\n  }\r\n  \/* USE THESE CLASSES TO HIDE CONTENT ON MOBILE *\/\r\n  .mobile-hide {\r\n  display: none !important;\r\n  }\r\n  .img-max {\r\n  max-width: 100% !important;\r\n  width: 100% !important;\r\n  height: auto !important;\r\n  }\r\n  \/* FULL-WIDTH TABLES *\/\r\n  .responsive-table {\r\n  width: 100% !important;\r\n  }\r\n  \/* UTILITY CLASSES FOR ADJUSTING PADDING ON MOBILE *\/\r\n  .padding {\r\n  padding: 10px 5% 15px 5% !important;\r\n  }\r\n  .padding-meta {\r\n  padding: 30px 5% 0px 5% !important;\r\n  text-align: center;\r\n  }\r\n  .padding-copy {\r\n  padding: 10px 5% 10px 5% !important;\r\n  text-align: center;\r\n  }\r\n  .no-padding {\r\n  padding: 0 !important;\r\n  }\r\n  .section-padding {\r\n  padding: 50px 15px 50px 15px !important;\r\n  }\r\n  \/* ADJUST BUTTONS ON MOBILE *\/\r\n  .mobile-button-container {\r\n  margin: 0 auto;\r\n  width: 100% !important;\r\n  }\r\n  .mobile-button {\r\n  padding: 15px !important;\r\n  border: 0 !important;\r\n  font-size: 16px !important;\r\n  display: block !important;\r\n  }\r\n  }\r\n  \/* ANDROID CENTER FIX *\/\r\n  div[style*=\"margin: 16px 0;\"] { margin: 0 !important; }\r\n--><\/style>\r\n<!--\r\nif gte mso 12\r\nstyle(type='text\/css').\r\n.mso-right {\r\npadding-left: 20px;\r\n}\r\n-->\r\n<p>\u00a0<\/p>\r\n<!-- HIDDEN PREHEADER TEXT-->\r\n<div style=\"display: none; font-size: 1px; color: #fefefe; line-height: 1px; font-family: Helvetica, Arial, sans-serif; max-height: 0px; max-width: 0px; opacity: 0; overflow: hidden;\">\u00a0<\/div>\r\n<!-- HEADER-->\r\n<table border=\"0\" width=\"100%\" cellspacing=\"0\" cellpadding=\"0\">\r\n<tbody>\r\n<tr style=\"height: 165px;\">\r\n<td style=\"height: 165px;\" align=\"center\" bgcolor=\"#34495E\"><!--\r\n        if (gte mso 9)|(IE)\r\n        table(align='center', border='0', cellspacing='0', cellpadding='0', width='500')\r\n        tr\r\n        td(align='center', valign='top', width='500')\r\n        -->\r\n<table class=\"wrapper\" style=\"max-width: 500px;\" border=\"0\" width=\"100%\" cellspacing=\"0\" cellpadding=\"0\">\r\n<tbody>\r\n<tr>\r\n<td style=\"padding: 15px 0;\" align=\"center\" valign=\"top\">\r\n<h1><span style=\"color: #ffffff;\">EPAN SERVICES<\/span><\/h1>\r\n<\/td>\r\n<\/tr>\r\n<\/tbody>\r\n<\/table>\r\n<!-- if (gte mso 9)|(IE)--><\/td>\r\n<\/tr>\r\n<tr style=\"height: 10px;\">\r\n<td class=\"section-padding\" style=\"padding: 70px 15px; height: 10px;\" align=\"center\" bgcolor=\"#ffffff\">\r\n<table class=\"responsive-table\" border=\"0\" width=\"500\" cellspacing=\"0\" cellpadding=\"0\">\r\n<tbody>\r\n<tr>\r\n<td>\r\n<table border=\"0\" width=\"100%\" cellspacing=\"0\" cellpadding=\"0\">\r\n<tbody>\r\n<tr>\r\n<td><!-- COPY-->\r\n<table border=\"0\" width=\"100%\" cellspacing=\"0\" cellpadding=\"0\">\r\n<tbody>\r\n<tr>\r\n<td class=\"padding-copy\" style=\"font-size: 25px; font-family: Helvetica, Arial, sans-serif; color: #333333; padding-top: 30px;\" align=\"center\">Enquiry Received<\/td>\r\n<\/tr>\r\n<tr>\r\n<td class=\"padding-copy\" style=\"padding: 20px 0px 0px; font-size: 16px; line-height: 25px; font-family: Helvetica,Arial,sans-serif; color: #666666; text-align: left;\" align=\"center\"><br \/>Thank you for contacting us. We have received your enquiry and we will be contacting you soon.<\/td>\r\n<\/tr>\r\n<\/tbody>\r\n<\/table>\r\n<\/td>\r\n<\/tr>\r\n<tr>\r\n<td align=\"center\"><!-- BULLETPROOF BUTTON--><\/td>\r\n<\/tr>\r\n<\/tbody>\r\n<\/table>\r\n<\/td>\r\n<\/tr>\r\n<\/tbody>\r\n<\/table>\r\n<\/td>\r\n<\/tr>\r\n<tr style=\"height: 20px;\">\r\n<td style=\"padding: 20px 0px; height: 20px;\" align=\"center\" bgcolor=\"#ffffff\"><!--\r\n        if (gte mso 9)|(IE)\r\n        table(align='center', border='0', cellspacing='0', cellpadding='0', width='500')\r\n        tr\r\n        td(align='center', valign='top', width='500')\r\n        --> <!-- UNSUBSCRIBE COPY-->\r\n<table class=\"responsive-table\" style=\"max-width: 500px;\" border=\"0\" width=\"100%\" cellspacing=\"0\" cellpadding=\"0\" align=\"center\">\r\n<tbody>\r\n<tr>\r\n<td style=\"font-size: 12px; line-height: 18px; font-family: Helvetica, Arial, sans-serif; color: #666666;\" align=\"center\">+91-8875191258 <a href=\"mailto:info@epan.i\">info@epan.in<\/a><br \/>A Xavoc Technocrats Pvt. Ltd. Product<\/td>\r\n<\/tr>\r\n<\/tbody>\r\n<\/table>\r\n<!-- if (gte mso 9)|(IE)--><\/td>\r\n<\/tr>\r\n<\/tbody>\r\n<\/table>","created_at":"2016-10-07 15:33:25","created_by_id":"89","type":"Custom_Form","status":"Active","is_create_lead":"0","is_associate_lead":"0","lead_category_ids":"","formfields":[{"id":"5","custom_form_id":"3","custom_form":"Contact -us page Enquiry Form","name":"Name","type":"line","value":"","is_mandatory":"1","hint":"Your Name !","placeholder":"Your Name","auto_reply":"0","save_into_field_of_lead":null},{"id":"6","custom_form_id":"3","custom_form":"Contact -us page Enquiry Form","name":"Email","type":"email","value":"","is_mandatory":"0","hint":"someone@example.com","placeholder":"someone@example.com","auto_reply":"1","save_into_field_of_lead":null},{"id":"7","custom_form_id":"3","custom_form":"Contact -us page Enquiry Form","name":"Contact No","type":"Number","value":"","is_mandatory":"0","hint":"+91 - 999 999 9999","placeholder":"+91 - 999 999 9999","auto_reply":"0","save_into_field_of_lead":null},{"id":"8","custom_form_id":"3","custom_form":"Contact -us page Enquiry Form","name":"Message","type":"text","value":"","is_mandatory":"0","hint":"Your Message !","placeholder":"Your Message !","auto_reply":"0","save_into_field_of_lead":null},{"id":"64","custom_form_id":"3","custom_form":"Contact -us page Enquiry Form","name":"Company Name","type":"line","value":"","is_mandatory":"0","hint":"","placeholder":"Company Name","auto_reply":"0","save_into_field_of_lead":null},{"id":"67","custom_form_id":"3","custom_form":"Contact -us page Enquiry Form","name":"Country","type":"line","value":"","is_mandatory":"1","hint":"","placeholder":"Country","auto_reply":"0","save_into_field_of_lead":null},{"id":"68","custom_form_id":"3","custom_form":"Contact -us page Enquiry Form","name":"Website","type":"line","value":"","is_mandatory":"0","hint":"","placeholder":"","auto_reply":"0","save_into_field_of_lead":null},{"id":"75","custom_form_id":"3","custom_form":"Contact -us page Enquiry Form","name":"","type":"Captcha","value":"","is_mandatory":"1","hint":"","placeholder":" ","auto_reply":"0","save_into_field_of_lead":null}]},{"id":"8","emailsetting_id":"2","emailsetting":"Info@xavoc.com","name":"Printing enqiury form","submit_button_name":"Submit","form_layout":"stacked","custom_form_layout_path":"","recieve_email":"1","recipient_email":"info@xavoc.com","auto_reply":"0","email_subject":"","message_body":"","created_at":"2017-03-08 17:51:05","created_by_id":"90","type":"Custom_Form","status":"Active","is_create_lead":"1","is_associate_lead":"0","lead_category_ids":"6461","formfields":[{"id":"69","custom_form_id":"8","custom_form":"Printing enqiury form","name":"Your Name","type":"line","value":"","is_mandatory":"1","hint":"","placeholder":"Full Name","auto_reply":"0","save_into_field_of_lead":"first_name"},{"id":"70","custom_form_id":"8","custom_form":"Printing enqiury form","name":"Your Email Id","type":"email","value":"","is_mandatory":"1","hint":"","placeholder":"","auto_reply":"0","save_into_field_of_lead":"official_email"},{"id":"71","custom_form_id":"8","custom_form":"Printing enqiury form","name":"Your Contact no","type":"Number","value":"","is_mandatory":"1","hint":"","placeholder":"","auto_reply":"0","save_into_field_of_lead":"official_contact"},{"id":"72","custom_form_id":"8","custom_form":"Printing enqiury form","name":"Your Organization name","type":"line","value":"","is_mandatory":"1","hint":"","placeholder":"","auto_reply":"0","save_into_field_of_lead":"organization"},{"id":"73","custom_form_id":"8","custom_form":"Printing enqiury form","name":"your website","type":"line","value":"","is_mandatory":"0","hint":"","placeholder":"","auto_reply":"0","save_into_field_of_lead":"website"},{"id":"102","custom_form_id":"8","custom_form":"Printing enqiury form","name":"Address","type":"line","value":"","is_mandatory":"1","hint":"","placeholder":" (City\/State\/Country)","auto_reply":"0","save_into_field_of_lead":"address"},{"id":"103","custom_form_id":"8","custom_form":"Printing enqiury form","name":"Message","type":"text","value":"","is_mandatory":"0","hint":"","placeholder":"","auto_reply":"0","save_into_field_of_lead":null}]},{"id":"9","emailsetting_id":"2","emailsetting":"Info@xavoc.com","name":"Agency Form","submit_button_name":"Submit","form_layout":"stacked","custom_form_layout_path":"","recieve_email":"1","recipient_email":"info@xavoc.com","auto_reply":"1","email_subject":"Thank you for your interest in XTPL\/Epan Agency","message_body":"<p><span style=\"font-weight: 400;\">Dear Applicant,<\/span><\/p>\r\n<p>&nbsp;<\/p>\r\n<p><span style=\"font-weight: 400;\">Welcome to XTPL (Xavoc Technocrats Pvt. Ltd.)<\/span><\/p>\r\n<p>&nbsp;<\/p>\r\n<p><span style=\"font-weight: 400;\">You are receiving this email that means you are interested in our Agency\/Affiliates\/Channel Partner module. This email is about to serve you a wonderful opportunity and new horizons for your new or existing business.<\/span><\/p>\r\n<p><span style=\"font-weight: 400;\">Apart from being &nbsp;associated with a stable and growing brand like XTPL and Epan Services, you will get <\/span><\/p>\r\n<ul>\r\n<li style=\"font-weight: 400;\"><span style=\"font-weight: 400;\">Permission to use our brands (in prescribed formats).<\/span><\/li>\r\n<li style=\"font-weight: 400;\"><span style=\"font-weight: 400;\">Special support to carry out your works on Epan platform.<\/span><\/li>\r\n<li style=\"font-weight: 400;\"><span style=\"font-weight: 400;\">Permission to keep all design and development charges from customers for website and e-commerce developments.<\/span><\/li>\r\n<li style=\"font-weight: 400;\"><span style=\"font-weight: 400;\">Attractive 10% commission on ERP\/CRM sales (long recurring incomes).<\/span><\/li>\r\n<li style=\"font-weight: 400;\"><span style=\"font-weight: 400;\">Up to 80% commission on setup &amp; support charges for ERP\/CRM.<\/span><\/li>\r\n<\/ul>\r\n<p>&nbsp;<\/p>\r\n<p><span style=\"font-weight: 400;\">And this all-new you can be started right now by signing our form\/MOU and paying as little as 300 USD for an agency and 1500 USD for the channel partner. For detail form\/MOU<\/span><a href=\"https:\/\/docs.google.com\/document\/d\/1xlvtvEk0ukYaZwZoT9xSE6qkXoP5zuLq_GWsz0Vdxss\/edit?usp=sharing\"><span style=\"font-weight: 400;\"> click here.<\/span><\/a><\/p>\r\n<p>&nbsp;<\/p>\r\n<p><span style=\"font-weight: 400;\">These prices are only available for short time span before hiking.<\/span><\/p>\r\n<p><span style=\"font-weight: 400;\">Act now and grab your position. Looking forward to having you soon onboard.<\/span><\/p>\r\n<p>&nbsp;<\/p>\r\n<p><span style=\"font-weight: 400;\">Regards,<\/span><\/p>\r\n<p><span style=\"font-weight: 400;\">VP\/Sales &amp; Marketing<\/span><\/p>","created_at":"2017-07-14 16:30:28","created_by_id":"56","type":"Custom_Form","status":"Active","is_create_lead":"1","is_associate_lead":"1","lead_category_ids":"6257","formfields":[{"id":"76","custom_form_id":"9","custom_form":"Agency Form","name":"First Name","type":"line","value":"","is_mandatory":"1","hint":"","placeholder":"","auto_reply":"0","save_into_field_of_lead":"first_name"},{"id":"77","custom_form_id":"9","custom_form":"Agency Form","name":"Last Name","type":"line","value":"","is_mandatory":"1","hint":"","placeholder":"","auto_reply":"0","save_into_field_of_lead":"last_name"},{"id":"80","custom_form_id":"9","custom_form":"Agency Form","name":"Organization Name","type":"line","value":"","is_mandatory":"0","hint":"","placeholder":"","auto_reply":"0","save_into_field_of_lead":"organization"},{"id":"81","custom_form_id":"9","custom_form":"Agency Form","name":"E-mail","type":"email","value":"","is_mandatory":"1","hint":"","placeholder":"","auto_reply":"0","save_into_field_of_lead":"personal_email"},{"id":"82","custom_form_id":"9","custom_form":"Agency Form","name":"Contact Number","type":"Number","value":"","is_mandatory":"1","hint":"","placeholder":"","auto_reply":"0","save_into_field_of_lead":"personal_contact"},{"id":"83","custom_form_id":"9","custom_form":"Agency Form","name":"Address","type":"text","value":"","is_mandatory":"1","hint":"","placeholder":"","auto_reply":"0","save_into_field_of_lead":"address"}]},{"id":"10","emailsetting_id":"1","emailsetting":null,"name":"Webinar","submit_button_name":"Registered Now","form_layout":"empty","custom_form_layout_path":"","recieve_email":"0","recipient_email":"info@xavoc.com","auto_reply":"0","email_subject":"","message_body":"","created_at":"2017-08-12 11:11:50","created_by_id":"90","type":"Custom_Form","status":"Active","is_create_lead":"1","is_associate_lead":"1","lead_category_ids":"6291","formfields":[{"id":"84","custom_form_id":"10","custom_form":"Webinar","name":"name","type":"line","value":"","is_mandatory":"1","hint":"","placeholder":"","auto_reply":"0","save_into_field_of_lead":"first_name"},{"id":"85","custom_form_id":"10","custom_form":"Webinar","name":"email","type":"email","value":"","is_mandatory":"1","hint":"","placeholder":"","auto_reply":"0","save_into_field_of_lead":"official_email"},{"id":"101","custom_form_id":"10","custom_form":"Webinar","name":"Phone","type":"line","value":"","is_mandatory":"1","hint":"","placeholder":"","auto_reply":"0","save_into_field_of_lead":"official_contact"}]},{"id":"11","emailsetting_id":"4","emailsetting":"Management","name":"Template Author Apply","submit_button_name":"Apply","form_layout":null,"custom_form_layout_path":"","recieve_email":"1","recipient_email":"management@xavoc.com","auto_reply":"0","email_subject":"Thank you for your interest in our Template authoring partner program","message_body":"<p>Hi,<\/p>\r\n<p>We appreciate your interest in our template authoring program. We are also keen to have good authors with us on board. We are eager to see your work. One of our management staff will surely contact you.<\/p>\r\n<p>Looking forward to having a good business relation with you.<\/p>\r\n<p>Regards,<\/p>\r\n<p>\u00a0<\/p>\r\n<p>\u00a0<\/p>","created_at":"2017-09-12 15:11:56","created_by_id":"144029","type":"Custom_Form","status":"Active","is_create_lead":"1","is_associate_lead":"0","lead_category_ids":"6408","formfields":[{"id":"86","custom_form_id":"11","custom_form":"Template Author Apply","name":"Name","type":"line","value":"","is_mandatory":"1","hint":"","placeholder":"","auto_reply":"0","save_into_field_of_lead":"first_name"},{"id":"87","custom_form_id":"11","custom_form":"Template Author Apply","name":"Organisation","type":"line","value":"","is_mandatory":"0","hint":"","placeholder":"","auto_reply":"0","save_into_field_of_lead":"organization"},{"id":"88","custom_form_id":"11","custom_form":"Template Author Apply","name":"Email Address","type":"email","value":"","is_mandatory":"1","hint":"","placeholder":"","auto_reply":"0","save_into_field_of_lead":"official_email"},{"id":"89","custom_form_id":"11","custom_form":"Template Author Apply","name":"Contact Number","type":"line","value":"","is_mandatory":"1","hint":"","placeholder":"","auto_reply":"0","save_into_field_of_lead":"official_contact"},{"id":"90","custom_form_id":"11","custom_form":"Template Author Apply","name":"Country","type":"line","value":"","is_mandatory":"1","hint":"","placeholder":"","auto_reply":"0","save_into_field_of_lead":null},{"id":"91","custom_form_id":"11","custom_form":"Template Author Apply","name":"Template 1 url","type":"line","value":"","is_mandatory":"0","hint":"","placeholder":"","auto_reply":"0","save_into_field_of_lead":null},{"id":"92","custom_form_id":"11","custom_form":"Template Author Apply","name":"Template 2 url","type":"line","value":"","is_mandatory":"0","hint":"","placeholder":"","auto_reply":"0","save_into_field_of_lead":null},{"id":"93","custom_form_id":"11","custom_form":"Template Author Apply","name":"Message","type":"text","value":"","is_mandatory":"0","hint":"","placeholder":"","auto_reply":"0","save_into_field_of_lead":null}]},{"id":"12","emailsetting_id":"7","emailsetting":"Developer","name":"Job Applications","submit_button_name":"Apply","form_layout":null,"custom_form_layout_path":"","recieve_email":"1","recipient_email":"gowravvishwakarma@gmail.com,info@xavoc.com","auto_reply":"1","email_subject":"Thank you for your application","message_body":"<p>Dear Applicant,<\/p>\r\n<p>This is to acknowledgement of your application at Xavoc Technocrats Pvt. Ltd. We will review your application and will revert to you once we shortlist you. We are very keen to make excellent team on board to deliver some extra ordinary product and services to our client.\u00a0<\/p>\r\n<p>Please be patient, we will reach you soon.\u00a0<\/p>\r\n<p>Regards<\/p>","created_at":"2017-09-23 12:54:04","created_by_id":"144029","type":"Custom_Form","status":"Active","is_create_lead":"0","is_associate_lead":"0","lead_category_ids":"","formfields":[{"id":"94","custom_form_id":"12","custom_form":"Job Applications","name":"Full Name","type":"line","value":"","is_mandatory":"1","hint":"","placeholder":"","auto_reply":"0","save_into_field_of_lead":null},{"id":"95","custom_form_id":"12","custom_form":"Job Applications","name":"Email Address","type":"email","value":"","is_mandatory":"1","hint":"","placeholder":"","auto_reply":"0","save_into_field_of_lead":null},{"id":"96","custom_form_id":"12","custom_form":"Job Applications","name":"Contact Number","type":"Number","value":"","is_mandatory":"1","hint":"","placeholder":"","auto_reply":"0","save_into_field_of_lead":null},{"id":"97","custom_form_id":"12","custom_form":"Job Applications","name":"Country","type":"line","value":"","is_mandatory":"1","hint":"","placeholder":"","auto_reply":"0","save_into_field_of_lead":null},{"id":"98","custom_form_id":"12","custom_form":"Job Applications","name":"State","type":"line","value":"","is_mandatory":"1","hint":"","placeholder":"","auto_reply":"0","save_into_field_of_lead":null},{"id":"99","custom_form_id":"12","custom_form":"Job Applications","name":"City","type":"line","value":"","is_mandatory":"1","hint":"","placeholder":"","auto_reply":"0","save_into_field_of_lead":null},{"id":"100","custom_form_id":"12","custom_form":"Job Applications","name":"Applied For","type":"DropDown","value":"Internship,HR Executive, Sales Manager,Sales Executive,Tele Caller,BDO (Business Development Officer),Digital Marketing Rockstar,HTML\/ Bootstrap Template Developer,Creative department head,Creative staff (audio\/video\/photoshop\/content)","is_mandatory":"1","hint":"","placeholder":"","auto_reply":"0","save_into_field_of_lead":null},{"id":"104","custom_form_id":"12","custom_form":"Job Applications","name":"Job Mode Interested In","type":"DropDown","value":"Ready to move or remote work both,Ready to move to Epan Services,Want to work as Remote Employee","is_mandatory":"1","hint":"","placeholder":"","auto_reply":"0","save_into_field_of_lead":null},{"id":"105","custom_form_id":"12","custom_form":"Job Applications","name":"Education","type":"line","value":"","is_mandatory":"1","hint":"","placeholder":"","auto_reply":"0","save_into_field_of_lead":null},{"id":"106","custom_form_id":"12","custom_form":"Job Applications","name":"About You","type":"text","value":"","is_mandatory":"0","hint":"","placeholder":"","auto_reply":"0","save_into_field_of_lead":null}]},{"id":"13","emailsetting_id":"2","emailsetting":"Info@xavoc.com","name":"Epan Visitor Form","submit_button_name":"Submit","form_layout":"stacked","custom_form_layout_path":"","recieve_email":"1","recipient_email":"rksinha.btech@gmail.com, gowravvishwakarma@gmail.com","auto_reply":"1","email_subject":"Thank you for Subscription","message_body":"<p><span style=\"font-weight: 400;\">Dear user,<\/span><\/p>\r\n<p><span style=\"font-weight: 400;\">We\u2019d like to extend a warm welcome and \u2018thank you\u2019 for subscribing to the EPAN.in .We recognize that your time is valuable and we\u2019re seriously flattered that you chose to join us.<\/span><\/p>\r\n<p><span style=\"font-weight: 400;\">By subscribing to EPAN, now you\u2019ll be the first one to receive information regarding new releases, latest updates, giveaways and new templates.<\/span><\/p>","created_at":"2018-04-17 11:13:57","created_by_id":"30076","type":"Custom_Form","status":"Active","is_create_lead":"1","is_associate_lead":"1","lead_category_ids":"3030","formfields":[{"id":"107","custom_form_id":"13","custom_form":"Epan Visitor Form","name":"Name","type":"line","value":"","is_mandatory":"1","hint":"","placeholder":"your name","auto_reply":"0","save_into_field_of_lead":"first_name"},{"id":"108","custom_form_id":"13","custom_form":"Epan Visitor Form","name":"Mobile No.","type":"Number","value":"","is_mandatory":"1","hint":"","placeholder":"your mobile number","auto_reply":"0","save_into_field_of_lead":"personal_contact"},{"id":"109","custom_form_id":"13","custom_form":"Epan Visitor Form","name":"Email","type":"email","value":"","is_mandatory":"1","hint":"","placeholder":"","auto_reply":"1","save_into_field_of_lead":"personal_email"}]},{"id":"17","emailsetting_id":null,"emailsetting":null,"name":"Freelancer form","submit_button_name":"Submit","form_layout":"stacked","custom_form_layout_path":"","recieve_email":"0","recipient_email":"","auto_reply":"0","email_subject":"","message_body":"","created_at":"2018-05-01 17:02:53","created_by_id":"144973","type":"Custom_Form","status":"Active","is_create_lead":"1","is_associate_lead":"1","lead_category_ids":"6257","formfields":[{"id":"131","custom_form_id":"17","custom_form":"Freelancer form","name":"Name","type":"line","value":"","is_mandatory":"1","hint":"","placeholder":"","auto_reply":"0","save_into_field_of_lead":"first_name"},{"id":"132","custom_form_id":"17","custom_form":"Freelancer form","name":"Email","type":"email","value":"","is_mandatory":"1","hint":"","placeholder":"","auto_reply":"0","save_into_field_of_lead":"official_email"},{"id":"134","custom_form_id":"17","custom_form":"Freelancer form","name":"Organization Name","type":"line","value":"","is_mandatory":"0","hint":"","placeholder":"","auto_reply":"0","save_into_field_of_lead":"organization"},{"id":"135","custom_form_id":"17","custom_form":"Freelancer form","name":"Contact Number","type":"Number","value":"","is_mandatory":"1","hint":"","placeholder":"","auto_reply":"0","save_into_field_of_lead":"official_contact"},{"id":"136","custom_form_id":"17","custom_form":"Freelancer form","name":"Address","type":"text","value":"","is_mandatory":"0","hint":"","placeholder":"","auto_reply":"0","save_into_field_of_lead":"address"}]}]