[{"id":"1","template_id":null,"template":null,"parent_page_id":null,"parent_page":null,"created_by_id":"56","created_by":"Rakesh Sinha","name":"Default","path":"default.html","page_title":"","meta_kewords":"","meta_description":"","after_body_code":"<script style=\"\">\r\n      (function(i,s,o,g,r,a,m){i['GoogleAnalyticsObject']=r;i[r]=i[r]||function(){\r\n      (i[r].q=i[r].q||[]).push(arguments)},i[r].l=1*new Date();a=s.createElement(o),\r\n      m=s.getElementsByTagName(o)[0];a.async=1;a.src=g;m.parentNode.insertBefore(a,m)\r\n      })(window,document,'script','https:\/\/www.google-analytics.com\/analytics.js','ga');\r\n\r\n      ga('create', 'UA-29868651-1', 'auto');\r\n      ga('send', 'pageview');\r\n\r\n    <\/script>\r\n\r\n<!--Start of Tawk.to Script-->\r\n<script type=\"text\/javascript\">\r\nvar Tawk_API=Tawk_API||{ }, Tawk_LoadStart=new Date();\r\n(function(){\r\nvar s1=document.createElement(\"script\"),s0=document.getElementsByTagName(\"script\")[0];\r\ns1.async=true;\r\ns1.src='https:\/\/embed.tawk.to\/59b8c07fc28eca75e461fbb4\/default';\r\ns1.charset='UTF-8';\r\ns1.setAttribute('crossorigin','*');\r\ns0.parentNode.insertBefore(s1,s0);\r\n})();\r\n<\/script>\r\n<!--End of Tawk.to Script-->","is_template":"1","is_muted":null,"icon_class":null,"is_active":"1","order":null,"is_secure":"0","secure_only_for":null},{"id":"3","template_id":null,"template":null,"parent_page_id":null,"parent_page":null,"created_by_id":"56","created_by":"Rakesh Sinha","name":"Agency Panel","path":"agencypanel.html","page_title":null,"meta_kewords":null,"meta_description":null,"after_body_code":null,"is_template":"1","is_muted":null,"icon_class":null,"is_active":"1","order":null,"is_secure":"0","secure_only_for":null},{"id":"20","template_id":null,"template":null,"parent_page_id":null,"parent_page":null,"created_by_id":"56","created_by":"Rakesh Sinha","name":"customerpanel","path":"customerpanel.html","page_title":null,"meta_kewords":null,"meta_description":null,"after_body_code":null,"is_template":"1","is_muted":null,"icon_class":null,"is_active":"1","order":null,"is_secure":"0","secure_only_for":null},{"id":"42","template_id":null,"template":null,"parent_page_id":null,"parent_page":null,"created_by_id":"1","created_by":"Gowrav Vishwakarma","name":"clear","path":"clear.html","page_title":null,"meta_kewords":null,"meta_description":null,"after_body_code":null,"is_template":"1","is_muted":null,"icon_class":null,"is_active":"1","order":null,"is_secure":"0","secure_only_for":null},{"id":"2","template_id":"1","template":"Default","parent_page_id":null,"parent_page":null,"created_by_id":"56","created_by":"Rakesh Sinha","name":"Agency","path":"agency.html","page_title":"","meta_kewords":"","meta_description":"","after_body_code":"","is_template":"0","is_muted":"1","icon_class":null,"is_active":"1","order":null,"is_secure":"0","secure_only_for":null},{"id":"4","template_id":"3","template":"Agency Panel","parent_page_id":null,"parent_page":null,"created_by_id":"56","created_by":"Rakesh Sinha","name":"AgencyDashboard","path":"agency-dashboard.html","page_title":"","meta_kewords":"","meta_description":"","after_body_code":"","is_template":"0","is_muted":"1","icon_class":null,"is_active":"1","order":null,"is_secure":"0","secure_only_for":null},{"id":"5","template_id":"1","template":"Default","parent_page_id":null,"parent_page":null,"created_by_id":"144029","created_by":"Sonu Sharma","name":"agency-landing-page-1","path":"agency-landing-page-1.html","page_title":"","meta_kewords":"","meta_description":"","after_body_code":"","is_template":"0","is_muted":"1","icon_class":null,"is_active":"1","order":null,"is_secure":"0","secure_only_for":null},{"id":"8","template_id":"1","template":"Default","parent_page_id":null,"parent_page":null,"created_by_id":"56","created_by":"Rakesh Sinha","name":"webpage1thankyou","path":"webpage1thankyou.html","page_title":"","meta_kewords":"","meta_description":"","after_body_code":"","is_template":"0","is_muted":"1","icon_class":null,"is_active":"1","order":null,"is_secure":"0","secure_only_for":null},{"id":"10","template_id":"1","template":"Default","parent_page_id":null,"parent_page":null,"created_by_id":"56","created_by":"Rakesh Sinha","name":"step1","path":"step1.html","page_title":null,"meta_kewords":null,"meta_description":null,"after_body_code":null,"is_template":"0","is_muted":"1","icon_class":null,"is_active":"1","order":null,"is_secure":"0","secure_only_for":null},{"id":"11","template_id":"1","template":"Default","parent_page_id":null,"parent_page":null,"created_by_id":"56","created_by":"Rakesh Sinha","name":"checkout1","path":"checkout1.html","page_title":null,"meta_kewords":null,"meta_description":null,"after_body_code":null,"is_template":"0","is_muted":"1","icon_class":null,"is_active":"1","order":null,"is_secure":"0","secure_only_for":null},{"id":"12","template_id":"1","template":"Default","parent_page_id":null,"parent_page":null,"created_by_id":"56","created_by":"Rakesh Sinha","name":"step2","path":"step2.html","page_title":null,"meta_kewords":null,"meta_description":null,"after_body_code":null,"is_template":"0","is_muted":"1","icon_class":null,"is_active":"1","order":null,"is_secure":"0","secure_only_for":null},{"id":"13","template_id":"1","template":"Default","parent_page_id":null,"parent_page":null,"created_by_id":"56","created_by":"Rakesh Sinha","name":"checkout2","path":"checkout2.html","page_title":null,"meta_kewords":null,"meta_description":null,"after_body_code":null,"is_template":"0","is_muted":"1","icon_class":null,"is_active":"1","order":null,"is_secure":"0","secure_only_for":null},{"id":"14","template_id":"1","template":"Default","parent_page_id":null,"parent_page":null,"created_by_id":"56","created_by":"Rakesh Sinha","name":"step3","path":"step3.html","page_title":null,"meta_kewords":null,"meta_description":null,"after_body_code":null,"is_template":"0","is_muted":"1","icon_class":null,"is_active":"1","order":null,"is_secure":"0","secure_only_for":null},{"id":"15","template_id":"1","template":"Default","parent_page_id":null,"parent_page":null,"created_by_id":"56","created_by":"Rakesh Sinha","name":"checkout3","path":"checkout3.html","page_title":null,"meta_kewords":null,"meta_description":null,"after_body_code":null,"is_template":"0","is_muted":"1","icon_class":null,"is_active":"1","order":null,"is_secure":"0","secure_only_for":null},{"id":"16","template_id":"1","template":"Default","parent_page_id":null,"parent_page":null,"created_by_id":"56","created_by":"Rakesh Sinha","name":"stepcomplete","path":"stepcomplete.html","page_title":null,"meta_kewords":null,"meta_description":null,"after_body_code":null,"is_template":"0","is_muted":"1","icon_class":null,"is_active":"1","order":null,"is_secure":"0","secure_only_for":null},{"id":"17","template_id":"1","template":"Default","parent_page_id":null,"parent_page":null,"created_by_id":"30076","created_by":"Monika Gupta","name":"agencywelcome","path":"agencywelcome.html","page_title":null,"meta_kewords":null,"meta_description":null,"after_body_code":null,"is_template":"0","is_muted":"1","icon_class":null,"is_active":"1","order":null,"is_secure":"0","secure_only_for":null},{"id":"21","template_id":"20","template":"customerpanel","parent_page_id":null,"parent_page":null,"created_by_id":"56","created_by":"Rakesh Sinha","name":"CustomerDashboard","path":"customer-dashboard.html","page_title":null,"meta_kewords":null,"meta_description":null,"after_body_code":null,"is_template":"0","is_muted":"1","icon_class":null,"is_active":"1","order":null,"is_secure":"0","secure_only_for":null},{"id":"22","template_id":"20","template":"customerpanel","parent_page_id":null,"parent_page":null,"created_by_id":"56","created_by":"Rakesh Sinha","name":"newepan","path":"new-epan.html","page_title":null,"meta_kewords":null,"meta_description":null,"after_body_code":null,"is_template":"0","is_muted":"1","icon_class":null,"is_active":"1","order":null,"is_secure":"0","secure_only_for":null},{"id":"23","template_id":"20","template":"customerpanel","parent_page_id":null,"parent_page":null,"created_by_id":"56","created_by":"Rakesh Sinha","name":"SelectTheme","path":"select-theme.html","page_title":null,"meta_kewords":null,"meta_description":null,"after_body_code":null,"is_template":"0","is_muted":"1","icon_class":null,"is_active":"1","order":null,"is_secure":"0","secure_only_for":null},{"id":"24","template_id":"20","template":"customerpanel","parent_page_id":null,"parent_page":null,"created_by_id":"56","created_by":"Rakesh Sinha","name":"new-account","path":"new-account.html","page_title":null,"meta_kewords":null,"meta_description":null,"after_body_code":null,"is_template":"0","is_muted":"1","icon_class":null,"is_active":"1","order":null,"is_secure":"0","secure_only_for":null},{"id":"25","template_id":"20","template":"customerpanel","parent_page_id":null,"parent_page":null,"created_by_id":"56","created_by":"Rakesh Sinha","name":"epan-detail","path":"epan-detail.html","page_title":null,"meta_kewords":null,"meta_description":null,"after_body_code":null,"is_template":"0","is_muted":"1","icon_class":null,"is_active":"1","order":null,"is_secure":"0","secure_only_for":null},{"id":"26","template_id":"1","template":"Default","parent_page_id":null,"parent_page":null,"created_by_id":"144029","created_by":"Sonu Sharma","name":"Templates Authors","path":"official-template-authors.html","page_title":"","meta_kewords":"","meta_description":"","after_body_code":"","is_template":"0","is_muted":"1","icon_class":null,"is_active":"1","order":null,"is_secure":"0","secure_only_for":null},{"id":"27","template_id":"20","template":"customerpanel","parent_page_id":null,"parent_page":null,"created_by_id":"1","created_by":"Gowrav Vishwakarma","name":"Customer Setting","path":"customer-setting.html","page_title":"","meta_kewords":"","meta_description":"","after_body_code":"","is_template":"0","is_muted":"1","icon_class":null,"is_active":"1","order":null,"is_secure":"0","secure_only_for":null},{"id":"28","template_id":"1","template":"Default","parent_page_id":null,"parent_page":null,"created_by_id":"1","created_by":"Gowrav Vishwakarma","name":"Home","path":"index.html","page_title":"Epan Services | online store builder | best web builder | sell online with EPAN | opensource drag and drop website builder | open source website builder | free html templates | hosted service","meta_kewords":"Free online store builder, online store builder, open source web builder tool, best web builder, free web builder, create free website, cloud Ecommerce, Ecommerce store, open source ecommerce, sell online with EPAN, ERP, CRM, HR, Hosted Service, ERP Solution. open source drag and drop website builder, hosted service with free templates.","meta_description":"","after_body_code":"","is_template":"0","is_muted":"0","icon_class":null,"is_active":"1","order":"1","is_secure":"0","secure_only_for":null},{"id":"29","template_id":"1","template":"Default","parent_page_id":"54","parent_page":"Products","created_by_id":"1","created_by":"Gowrav Vishwakarma","name":"Website Builder","path":"web.html","page_title":"Epan Services | online store builder | best web builder | sell online with EPAN | opensource drag and drop website builder | open source website builder | free html templates | hosted service","meta_kewords":"Drag and drop, website builder, templates,  free online store builder, online store builder, open source web builder tool, best web builder, free web builder, Best online store builder, Online store. Highly customisable tools, drag and drop, edit html and css.","meta_description":"Epan allows you to select one of many templates and edit live with open source web builder tool based website builder. This is only tool that gives you full access to modify template online store builder. Setup, free web builder tools, for custom forms etc is easy.","after_body_code":"","is_template":"0","is_muted":"0","icon_class":null,"is_active":"1","order":"1","is_secure":"0","secure_only_for":null},{"id":"30","template_id":"1","template":"Default","parent_page_id":"54","parent_page":"Products","created_by_id":"1","created_by":"Gowrav Vishwakarma","name":"Online Store","path":"ecommerce.html","page_title":"epan Services | cloud Ecommerce | \u00a0Ecommerce store  | open source ecommerce | sell online with EPAN | epan.in | online e-commerce builder \\ open source online store builder | hosted e-commerce\/online store | best open source ecommerce platform","meta_kewords":"ERP, cloud  Ecommerce, Ecommerce store,  open source ecommerce, CRM,  Commerce, Production, ERP On Premises, ERP For Industry, ERP Solution, customised rate charts, discount vouchers, online and offline commerce, quote to cash, inventory, accounts, dispatch system, best open source ecommerce platform.","meta_description":"Epan services is one of the worlds leading and rapid growing ERP, CRM, cloud  Ecommerce, Ecommerce store, open source ecommerce Process Control services. It manages online as well as offline commerce including inventory, accounts and quote to cash system. Its easy, its practical and it works. ","after_body_code":"","is_template":"0","is_muted":"0","icon_class":null,"is_active":"1","order":"2","is_secure":"0","secure_only_for":null},{"id":"31","template_id":"1","template":"Default","parent_page_id":"54","parent_page":"Products","created_by_id":"1","created_by":"Gowrav Vishwakarma","name":"CRM\/ERP","path":"erp.html","page_title":"","meta_kewords":"","meta_description":"","after_body_code":"","is_template":"0","is_muted":"0","icon_class":null,"is_active":"1","order":"3","is_secure":"0","secure_only_for":null},{"id":"32","template_id":"1","template":"Default","parent_page_id":null,"parent_page":null,"created_by_id":"1","created_by":"Gowrav Vishwakarma","name":"Blog","path":"blog.html","page_title":"","meta_kewords":"","meta_description":"","after_body_code":"","is_template":"0","is_muted":"0","icon_class":null,"is_active":"1","order":"4","is_secure":"0","secure_only_for":null},{"id":"33","template_id":"1","template":"Default","parent_page_id":null,"parent_page":null,"created_by_id":"1","created_by":"Gowrav Vishwakarma","name":"Forum","path":"forum.html","page_title":"","meta_kewords":"","meta_description":"","after_body_code":"<script style=\"\">\r\n      (function(i,s,o,g,r,a,m){i['GoogleAnalyticsObject']=r;i[r]=i[r]||function(){\r\n      (i[r].q=i[r].q||[]).push(arguments)},i[r].l=1*new Date();a=s.createElement(o),\r\n      m=s.getElementsByTagName(o)[0];a.async=1;a.src=g;m.parentNode.insertBefore(a,m)\r\n      })(window,document,'script','https:\/\/www.google-analytics.com\/analytics.js','ga');\r\n\r\n      ga('create', 'UA-29868651-1', 'auto');\r\n      ga('send', 'pageview');\r\n\r\n    <\/script>","is_template":"0","is_muted":"0","icon_class":null,"is_active":"1","order":"5","is_secure":"0","secure_only_for":null},{"id":"34","template_id":"1","template":"Default","parent_page_id":null,"parent_page":null,"created_by_id":"1","created_by":"Gowrav Vishwakarma","name":"Sign In","path":"login.html","page_title":"","meta_kewords":"","meta_description":"","after_body_code":"","is_template":"0","is_muted":"0","icon_class":null,"is_active":"1","order":"8","is_secure":"0","secure_only_for":null},{"id":"35","template_id":"1","template":"Default","parent_page_id":null,"parent_page":null,"created_by_id":"1","created_by":"Gowrav Vishwakarma","name":"Contac Us","path":"contact-us.html","page_title":"","meta_kewords":"","meta_description":"","after_body_code":"","is_template":"0","is_muted":"1","icon_class":null,"is_active":"1","order":null,"is_secure":"0","secure_only_for":null},{"id":"36","template_id":"1","template":"Default","parent_page_id":null,"parent_page":null,"created_by_id":"1","created_by":"Gowrav Vishwakarma","name":"Terms And Condition","path":"terms-and-condition.html","page_title":"","meta_kewords":"","meta_description":"","after_body_code":"","is_template":"0","is_muted":"1","icon_class":null,"is_active":"1","order":null,"is_secure":"0","secure_only_for":null},{"id":"37","template_id":"1","template":"Default","parent_page_id":null,"parent_page":null,"created_by_id":"1","created_by":"Gowrav Vishwakarma","name":"Our Story","path":"ourstory.html","page_title":"","meta_kewords":"","meta_description":"","after_body_code":"","is_template":"0","is_muted":"1","icon_class":null,"is_active":"1","order":null,"is_secure":"0","secure_only_for":null},{"id":"38","template_id":"1","template":"Default","parent_page_id":null,"parent_page":null,"created_by_id":"144029","created_by":"Sonu Sharma","name":"Jobs","path":"career.html","page_title":"","meta_kewords":"","meta_description":"","after_body_code":"","is_template":"0","is_muted":"0","icon_class":null,"is_active":"1","order":"6","is_secure":"0","secure_only_for":null},{"id":"39","template_id":"20","template":"customerpanel","parent_page_id":null,"parent_page":null,"created_by_id":"56","created_by":"Rakesh Sinha","name":"customer-orderhistory","path":"customer-orderhistory.html","page_title":"","meta_kewords":"","meta_description":"","after_body_code":"","is_template":"0","is_muted":"1","icon_class":null,"is_active":"1","order":null,"is_secure":"0","secure_only_for":null},{"id":"41","template_id":"42","template":"clear","parent_page_id":null,"parent_page":null,"created_by_id":"1","created_by":"Gowrav Vishwakarma","name":"epan-webinar","path":"epan-webinar.html","page_title":"","meta_kewords":"","meta_description":"","after_body_code":"","is_template":"0","is_muted":"1","icon_class":null,"is_active":"1","order":null,"is_secure":"0","secure_only_for":null},{"id":"43","template_id":"1","template":"Default","parent_page_id":null,"parent_page":null,"created_by_id":"1","created_by":"Gowrav Vishwakarma","name":"blog-item","path":"blog-item.html","page_title":"","meta_kewords":"","meta_description":"","after_body_code":"<script style=\"\">\r\n      (function(i,s,o,g,r,a,m){i['GoogleAnalyticsObject']=r;i[r]=i[r]||function(){\r\n      (i[r].q=i[r].q||[]).push(arguments)},i[r].l=1*new Date();a=s.createElement(o),\r\n      m=s.getElementsByTagName(o)[0];a.async=1;a.src=g;m.parentNode.insertBefore(a,m)\r\n      })(window,document,'script','https:\/\/www.google-analytics.com\/analytics.js','ga');\r\n\r\n      ga('create', 'UA-29868651-1', 'auto');\r\n      ga('send', 'pageview');\r\n\r\n    <\/script>\r\n\r\n<!--Start of Tawk.to Script-->\r\n<script type=\"text\/javascript\">\r\nvar Tawk_API=Tawk_API||{ }, Tawk_LoadStart=new Date();\r\n(function(){\r\nvar s1=document.createElement(\"script\"),s0=document.getElementsByTagName(\"script\")[0];\r\ns1.async=true;\r\ns1.src='https:\/\/embed.tawk.to\/59b8c07fc28eca75e461fbb4\/default';\r\ns1.charset='UTF-8';\r\ns1.setAttribute('crossorigin','*');\r\ns0.parentNode.insertBefore(s1,s0);\r\n})();\r\n<\/script>\r\n<!--End of Tawk.to Script-->","is_template":"0","is_muted":"1","icon_class":null,"is_active":"1","order":null,"is_secure":"0","secure_only_for":null},{"id":"44","template_id":"1","template":"Default","parent_page_id":null,"parent_page":null,"created_by_id":"1","created_by":"Gowrav Vishwakarma","name":"TUG","path":"tug.html","page_title":"Epan Services: The Facebook group promotion for udaipur, Get a free website every week and Expert professional SEO\/SMO every month.","meta_kewords":"free website, udaipur, e-commerce, free hosting, free seo, free smo, free promotion, ","meta_description":"Get free website\/e-commerce or online store development and hosting with professional guidance. For our udaipur Facebook group members only.","after_body_code":"","is_template":"0","is_muted":"1","icon_class":null,"is_active":"1","order":null,"is_secure":"0","secure_only_for":null},{"id":"45","template_id":"1","template":"Default","parent_page_id":null,"parent_page":null,"created_by_id":"144029","created_by":"Sonu Sharma","name":"Comparison  Chart","path":"comparison-chart.html","page_title":"","meta_kewords":"","meta_description":"","after_body_code":"","is_template":"0","is_muted":"1","icon_class":null,"is_active":"1","order":null,"is_secure":"0","secure_only_for":null},{"id":"46","template_id":"1","template":"Default","parent_page_id":null,"parent_page":null,"created_by_id":"1","created_by":"Gowrav Vishwakarma","name":"Hr Policy","path":"hr-policy.html","page_title":"","meta_kewords":"","meta_description":"","after_body_code":"","is_template":"0","is_muted":"1","icon_class":null,"is_active":"1","order":null,"is_secure":"0","secure_only_for":null},{"id":"47","template_id":"20","template":"customerpanel","parent_page_id":null,"parent_page":null,"created_by_id":"56","created_by":"Rakesh Sinha","name":"customer-download","path":"customer-download.html","page_title":"download","meta_kewords":"","meta_description":"","after_body_code":"","is_template":"0","is_muted":"1","icon_class":null,"is_active":"1","order":null,"is_secure":"0","secure_only_for":null},{"id":"48","template_id":"1","template":"Default","parent_page_id":null,"parent_page":null,"created_by_id":"1","created_by":"Gowrav Vishwakarma","name":"Pricing","path":"pricing.html","page_title":"","meta_kewords":"","meta_description":"","after_body_code":"","is_template":"0","is_muted":"1","icon_class":null,"is_active":"1","order":"0","is_secure":"0","secure_only_for":null},{"id":"49","template_id":"1","template":"Default","parent_page_id":"54","parent_page":"Products","created_by_id":"144029","created_by":"Sonu Sharma","name":"Printing","path":"printing.html","page_title":"Online printing e-commerce | Online printing application | best web2print software solution platform | create designable printing website | printing website for printers | sell online visiting cards business cards printing stationary calendars","meta_kewords":"create online printing ecommerce with user designable template based items. Create any printing material on site and let user edit, customise and personalise items before online order. Best web2print application, best quality with most cheap price.","meta_description":"","after_body_code":"","is_template":"0","is_muted":"0","icon_class":"","is_active":"1","order":"4","is_secure":"0","secure_only_for":""},{"id":"50","template_id":"1","template":"Default","parent_page_id":null,"parent_page":null,"created_by_id":null,"created_by":null,"name":"sales page1","path":"printingsales.html","page_title":null,"meta_kewords":null,"meta_description":null,"after_body_code":null,"is_template":"0","is_muted":"1","icon_class":null,"is_active":"1","order":null,"is_secure":"0","secure_only_for":null},{"id":"51","template_id":"1","template":"Default","parent_page_id":null,"parent_page":null,"created_by_id":null,"created_by":null,"name":"sales-page2","path":"sales-page2.html","page_title":null,"meta_kewords":null,"meta_description":null,"after_body_code":null,"is_template":"0","is_muted":"1","icon_class":null,"is_active":"1","order":null,"is_secure":"0","secure_only_for":null},{"id":"52","template_id":"1","template":"Default","parent_page_id":null,"parent_page":null,"created_by_id":"1","created_by":"Gowrav Vishwakarma","name":"Article","path":"article.html","page_title":"","meta_kewords":"","meta_description":"","after_body_code":"","is_template":"0","is_muted":"1","icon_class":null,"is_active":"1","order":null,"is_secure":"0","secure_only_for":null},{"id":"53","template_id":"1","template":"Default","parent_page_id":null,"parent_page":null,"created_by_id":"1","created_by":"Gowrav Vishwakarma","name":"News & Events","path":"news.html","page_title":"","meta_kewords":"","meta_description":"","after_body_code":"","is_template":"0","is_muted":"0","icon_class":null,"is_active":"1","order":"3","is_secure":"0","secure_only_for":null},{"id":"54","template_id":"1","template":"Default","parent_page_id":null,"parent_page":null,"created_by_id":"1","created_by":"Gowrav Vishwakarma","name":"Products","path":"#","page_title":"","meta_kewords":"","meta_description":"","after_body_code":"","is_template":"0","is_muted":"0","icon_class":null,"is_active":"1","order":"2","is_secure":"0","secure_only_for":null},{"id":"55","template_id":null,"template":null,"parent_page_id":null,"parent_page":null,"created_by_id":"1","created_by":"Gowrav Vishwakarma","name":"Documentation","path":"http:\/\/documentation.epan.in","page_title":"","meta_kewords":"","meta_description":"","after_body_code":"","is_template":"0","is_muted":"0","icon_class":null,"is_active":"1","order":"7","is_secure":"0","secure_only_for":null},{"id":"56","template_id":"1","template":"Default","parent_page_id":null,"parent_page":null,"created_by_id":"30076","created_by":"Monika Gupta","name":"Old Printing","path":"old-printing.html","page_title":"","meta_kewords":"","meta_description":"","after_body_code":"","is_template":"0","is_muted":"1","icon_class":"","is_active":"0","order":"0","is_secure":"0","secure_only_for":""},{"id":"57","template_id":"1","template":"Default","parent_page_id":null,"parent_page":null,"created_by_id":"144973","created_by":"Harshita Jain","name":"demo","path":"demo.html","page_title":"","meta_kewords":"","meta_description":"","after_body_code":"","is_template":"0","is_muted":"1","icon_class":"","is_active":"1","order":"0","is_secure":"0","secure_only_for":null},{"id":"58","template_id":"1","template":"Default","parent_page_id":null,"parent_page":null,"created_by_id":"30076","created_by":"Monika Gupta","name":"Expired Info","path":"expired-info.html","page_title":"","meta_kewords":"","meta_description":"","after_body_code":"","is_template":"0","is_muted":"1","icon_class":"","is_active":"1","order":"0","is_secure":"0","secure_only_for":null},{"id":"59","template_id":"1","template":"Default","parent_page_id":null,"parent_page":null,"created_by_id":"30076","created_by":"Monika Gupta","name":"Product Pricing","path":"product-pricing.html","page_title":"","meta_kewords":"","meta_description":"","after_body_code":"","is_template":"0","is_muted":"1","icon_class":"","is_active":"1","order":"0","is_secure":"0","secure_only_for":""},{"id":"60","template_id":"1","template":"Default","parent_page_id":null,"parent_page":null,"created_by_id":"30076","created_by":"Monika Gupta","name":"Portfolio","path":"portfolio.html","page_title":"","meta_kewords":"","meta_description":"","after_body_code":"","is_template":"0","is_muted":"1","icon_class":"","is_active":"1","order":"0","is_secure":"0","secure_only_for":""},{"id":"61","template_id":"1","template":"Default","parent_page_id":null,"parent_page":null,"created_by_id":"30076","created_by":"Monika Gupta","name":"Test","path":"test.html","page_title":"","meta_kewords":"","meta_description":"","after_body_code":"","is_template":"0","is_muted":"1","icon_class":"","is_active":"1","order":"0","is_secure":"0","secure_only_for":""},{"id":"62","template_id":"1","template":"Default","parent_page_id":null,"parent_page":null,"created_by_id":"30076","created_by":"Monika Gupta","name":"My Solution","path":"mysolution.html","page_title":"","meta_kewords":"","meta_description":"","after_body_code":"","is_template":"0","is_muted":"1","icon_class":"","is_active":"1","order":"0","is_secure":"0","secure_only_for":""},{"id":"63","template_id":"1","template":"Default","parent_page_id":null,"parent_page":null,"created_by_id":"144973","created_by":"Harshita Jain","name":"freelancer","path":"freelancer.html","page_title":"","meta_kewords":"","meta_description":"","after_body_code":"","is_template":"0","is_muted":"0","icon_class":"","is_active":"1","order":"0","is_secure":"0","secure_only_for":""},{"id":"64","template_id":"1","template":"Default","parent_page_id":null,"parent_page":null,"created_by_id":"145239","created_by":"Jitendra Prajapat","name":"Index2","path":"index2.html","page_title":"","meta_kewords":"","meta_description":"","after_body_code":"","is_template":"0","is_muted":"0","icon_class":"","is_active":"1","order":"0","is_secure":"0","secure_only_for":""}]